{
    "ar": "ءآأؤإئابةتثجحخدذرزسشصضطظعغػؼؽؾؿـفقكلمنهوىيًٌٍَُِّ",
    "be": "ʼЁІЎАБВГДЕЖЗЙКЛМНОПРСТУФХЦЧШЫЬЭЮЯабвгдежзйклмнопрстуфхцчшыьэюяёіў",
    "bg": "АБВГДЕЖЗИЙКЛМНОПРСТУФХЦЧШЩЪЬЮЯабвгдежзийклмнопрстуфхцчшщъьюя",
    "ca": "ABCDEFGHIJKLMNOPQRSTUVWXYZabcdefghijklmnopqrstuvwxyzÀÈÉÍÏÒÓÚÜÇàèéíïòóúüç·",
    "cz": "ABCDEFGHIJKLMNOPQRSTUVWXYZabcdefghijklmnopqrstuvwxyzÁÉÍÓÚÝáéíóúýČčĎďĚěŇňŘřŠšŤťŮůŽž",
    "da": "ABCDEFGHIJKLMNOPQRSTUVWXYZabcdefghijklmnopqrstuvwxyzÅÆØåæø",
    "de": "ABCDEFGHIJKLMNOPQRSTUVWXYZabcdefghijklmnopqrstuvwxyzÄÖÜßäöü",
    "el": "ΪΫΆΈΉΊΌΎΏΑΒΓΔΕΖΗΘΙΚΛΜΝΞΟΠΡΣΤΥΦΧΨΩΐΰϊϋάέήίαβγδεζηθικλμνξοπρςστυφχψωόύώ",
    "en": "ABCDEFGHIJKLMNOPQRSTUVWXYZabcdefghijklmnopqrstuvwxyz",
    "eo": "ABCDEFGHIJKLMNOPRSTUVZabcdefghijklmnoprstuvzĈĉĜĝĤĥĴĵŜŝŬŭ",
    "es": "ABCDEFGHIJKLMNOPQRSTUVWXYZabcdefghijklmnopqrstuvwxyzÁÉÍÑÓÚÜáéíñóúü",
    "et": "ABDEGHIJKLMNOPRSTUVabdeghijklmnoprstuvÄÕÖÜäõöü",
    "fi": "ABCDEFGHIJKLMNOPQRSTUVWXYZabcdefghijklmnopqrstuvwxyzÄÅÖäåöŠšŽž",
    "fr": "ABCDEFGHIJKLMNOPQRSTUVWXYZabcdefghijklmnopqrstuvwxyzÀÂÇÈÉÊÎÏÙÛàâçèéêîïùûŒœ",
    "he": "אבגדהוזחטיךכלםמןנסעףפץצקרשתװױײ",
    "hr": "ABCDEFGHIJKLMNOPRSTUVZabcdefghijklmnoprstuvzĆćČčĐđŠšŽž",
    "hu": "ABCDEFGHIJKLMNOPRSTUVZabcdefghijklmnoprstuvzÁÉÍÓÖÚÜáéíóöúüŐőŰű",
    "it": "ABCDEFGHIJKLMNOPQRSTUVWXYZabcdefghijklmnopqrstuvwxyzÀÈÉÌÒÓÙàèéìòóù",
    "lt": "ABCDEFGHIJKLMNOPRSTUVYZabcdefghijklmnoprstuvyzĄąČčĖėĘęĮįŠšŪūŲųŽž",
    "lv": "ABCDEFGHIJKLMNOPRSTUVZabcdefghijklmnoprstuvzĀāČčĒēĢģĪīĶķĻļŅņŠšŪūŽž",
    "mk": "ЃЅЈЉЊЌЏАБВГДЕЖЗИКЛМНОПРСТУФХЦЧШабвгдежзиклмнопрстуфхцчшѓѕјљњќџ",
    "nl": "ABCDEFGHIJKLMNOPQRSTUVWXYZabcdefghijklmnopqrstuvwxyz",
    "pl": "ABCDEFGHIJKLMNOPRSTUWYZabcdefghijklmnoprstuwyzÓóĄąĆćĘęŁłŃńŚśŹźŻż",
    "pt": "ABCDEFGHIJKLMNOPQRSTUVWXYZabcdefghijklmnopqrstuvwxyzÀÁÂÃÇÉÊÍÓÔÕÚàáâãçéêíóôõú",
    "ro": "ABCDEFGHIJKLMNOPQRSTUVWXYZabcdefghijklmnopqrstuvwxyzÂÎâîĂăȘșȚț",
    "ru": "ЁАБВГДЕЖЗИЙКЛМНОПРСТУФХЦЧШЩЪЫЬЭЮЯабвгдежзийклмнопрстуфхцчшщъыьэюяё",
    "sk": "ABCDEFGHIJKLMNOPQRSTUVWXYZabcdefghijklmnopqrstuvwxyzÁÄÉÍÓÔÚÝáäéíóôúýČčĎďĹĺĽľŇňŔŕŠšŤťŽž",
    "sl": "ABCDEFGHIJKLMNOPRSTUVZabcdefghijklmnoprstuvzČčŠšŽž",
    "sr": "ABCDEFGHIJKLMNOPQRSTUVWXYZabcdefghijklmnopqrstuvwxyzЂЈЉЊЋЏАБВГДЕЖЗИКЛМНОПРСТУФХЦЧШабвгдежзиклмнопрстуфхцчшђјљњћџ",
    "th": "กขฃคฅฆงจฉชซฌญฎฏฐฑฒณดตถทธนบปผฝพฟภมยรฤลฦวศษสหฬอฮฯะัาำิีึืฺุู฿เแโใไๅๆ็่้๊๋์ํ๎๏๐๑๒๓๔๕๖๗๘๙๚๛",
    "tr": "ABCDEFGHIJKLMNOPRSTUVYZabcdefghijklmnoprstuvyzÂÇÎÖÛÜâçîöûüĞğİıŞş",
    "vi": "ABCDEGHIKLMNOPQRSTUVXYabcdeghiklmnopqrstuvxyÂÊÔâêôĂăĐđƠơƯư"
}
